{"cameraMode":{"drawMode":0,"name":"Shaded","section":"Shading Mode"},"sceneLighting":true,"audioPlay":false,"sceneViewState":{"m_AlwaysRefresh":false,"showFog":true,"showSkybox":true,"showFlares":true,"showImageEffects":true,"showParticleSystems":true,"showVisualEffectGraphs":true,"m_FxEnabled":true},"in2DMode":false,"pivot":{"x":23.945987701416017,"y":-2.162709951400757,"z":-10.935568809509278},"rotation":{"x":-0.003717896994203329,"y":0.5646405220031738,"z":0.002536359941586852,"w":0.8253321647644043},"size":18.45359992980957,"orthographic":false}