{"cameraMode":{"drawMode":0,"name":"Shaded","section":"Shading Mode"},"sceneLighting":false,"audioPlay":false,"sceneViewState":{"m_AlwaysRefresh":false,"showFog":true,"showSkybox":false,"showFlares":true,"showImageEffects":true,"showParticleSystems":true,"showVisualEffectGraphs":true,"m_FxEnabled":true},"in2DMode":false,"pivot":{"x":0.39994725584983828,"y":0.8010169267654419,"z":0.01097920536994934},"rotation":{"x":-0.019468184560537339,"y":0.056959088891744617,"z":0.0011050259927287698,"w":0.9981921315193176},"size":8.060491561889649,"orthographic":false}